{"throwNumber":"1_3","Cannon":{"Type":0,"IdCannonPivot":1,"IdCannonMain":1},"Baskets":[{"Positions":[{"x":-1.5499999523162842,"y":1.5500000715255738,"z":0.0},{"x":-1.5499999523162842,"y":1.5500000715255738,"z":0.0}],"BasketType":0,"BasketSide":0,"cycleTime":5.0}],"Spikes":[{"Side":0,"Position":{"x":1.7999999523162842,"y":3.6700000762939455,"z":0.0}},{"Side":0,"Position":{"x":1.7999999523162842,"y":4.522000312805176,"z":0.0}},{"Side":1,"Position":{"x":-1.5499999523162842,"y":5.5,"z":0.0}}],"Stars":[{"Position":{"x":0.06879192590713501,"y":2.1151247024536135,"z":0.7379330992698669}}]}