{"throwNumber":"4_1","Cannon":{"Type":1,"IdCannonPivot":1,"IdCannonMain":1},"Baskets":[{"Positions":[{"x":1.5499999523162842,"y":2.489999771118164,"z":0.0},{"x":1.5499999523162842,"y":2.489999771118164,"z":0.0}],"BasketType":0,"BasketSide":1,"cycleTime":5.0}],"Spikes":[{"Side":1,"Position":{"x":-1.7300000190734864,"y":5.5,"z":0.0}},{"Side":1,"Position":{"x":1.6299999952316285,"y":5.5,"z":0.0}}],"Stars":[{"Position":{"x":-0.6012080907821655,"y":1.2651246786117554,"z":0.7379330992698669}}]}