{"throwNumber":"4_2","Cannon":{"Type":1,"IdCannonPivot":1,"IdCannonMain":1},"Baskets":[{"Positions":[{"x":1.5499999523162842,"y":2.489999771118164,"z":0.0},{"x":0.6647459268569946,"y":4.012324333190918,"z":-0.7388779520988464},{"x":1.5499999523162842,"y":2.489999771118164,"z":0.0}],"BasketType":0,"BasketSide":1,"cycleTime":2.0}],"Spikes":[{"Side":1,"Position":{"x":-1.7300000190734864,"y":5.5,"z":0.0}},{"Side":1,"Position":{"x":1.6299999952316285,"y":5.5,"z":0.0}}],"Stars":[{"Position":{"x":-1.501207947731018,"y":1.565124750137329,"z":0.7379330992698669}}]}