{"throwNumber":"6_1","Cannon":{"Type":1,"IdCannonPivot":1,"IdCannonMain":1},"Baskets":[{"Positions":[{"x":-1.5499999523162842,"y":-0.8199999332427979,"z":0.0},{"x":-1.5499999523162842,"y":-0.8199999332427979,"z":0.0}],"BasketType":0,"BasketSide":0,"cycleTime":5.0},{"Positions":[{"x":-1.5499999523162842,"y":2.6100001335144045,"z":0.0},{"x":-1.5499999523162842,"y":2.6100001335144045,"z":0.0}],"BasketType":0,"BasketSide":0,"cycleTime":5.0}],"Spikes":[],"Stars":[{"Position":{"x":-1.5512081384658814,"y":1.4051246643066407,"z":0.7379330992698669}}]}