{"throwNumber":"6_3","Cannon":{"Type":0,"IdCannonPivot":1,"IdCannonMain":1},"Baskets":[{"Positions":[{"x":0.0,"y":1.4199999570846558,"z":0.0},{"x":0.0,"y":3.3299999237060549,"z":0.7388780117034912},{"x":0.0,"y":1.4199999570846558,"z":0.0}],"BasketType":1,"BasketSide":0,"cycleTime":5.0}],"Spikes":[],"Stars":[]}