{"throwNumber":"6_4","Cannon":{"Type":0,"IdCannonPivot":1,"IdCannonMain":1},"Baskets":[{"Positions":[{"x":1.5499999523162842,"y":1.5800000429153443,"z":0.0},{"x":1.5499999523162842,"y":1.5800000429153443,"z":0.0}],"BasketType":0,"BasketSide":1,"cycleTime":5.0}],"Spikes":[{"Side":4,"Position":{"x":1.7999999523162842,"y":0.3700000047683716,"z":0.0}},{"Side":1,"Position":{"x":-1.5,"y":5.5,"z":0.0}},{"Side":1,"Position":{"x":1.4199999570846558,"y":5.5,"z":0.0}}],"Stars":[{"Position":{"x":-0.5212080478668213,"y":3.755124568939209,"z":0.7379330992698669}}]}