{"throwNumber":"6_5","Cannon":{"Type":1,"IdCannonPivot":1,"IdCannonMain":1},"Baskets":[{"Positions":[{"x":1.5499999523162842,"y":0.5700000524520874,"z":0.0},{"x":1.5199998617172242,"y":2.6599998474121095,"z":-0.7400000095367432},{"x":1.5499999523162842,"y":0.5700000524520874,"z":0.0}],"BasketType":0,"BasketSide":1,"cycleTime":5.0}],"Spikes":[],"Stars":[{"Position":{"x":-1.0812081098556519,"y":1.5251246690750123,"z":0.7379330992698669}}]}